id,checkid,xpamount
1,2,433
2,3,203
3,4,310
4,9,90
5,13,227
6,17,346
7,18,534
8,19,318
9,22,181
10,25,47
11,27,146
12,30,497
13,34,8
14,35,55
15,36,231
16,37,113
17,40,14
18,42,164
19,43,102
20,44,197
21,45,104
22,49,3
23,50,285
24,51,169
25,53,272
26,54,782
27,56,272
28,60,133
29,61,788
30,64,315
31,72,241
32,73,21
33,74,125
34,75,196
35,76,221
36,77,32
37,78,54
38,79,482
39,81,405
40,82,387
41,83,56
42,84,663
43,86,239
44,90,196
45,92,72
46,95,355
47,98,188
48,99,39
49,100,26
50,102,124
51,109,174
52,112,327
53,113,186
54,114,186
55,115,398
56,117,41
57,118,401
58,120,263
59,121,175
60,123,10
61,125,621
62,127,163
63,129,181
64,130,29
65,131,119
66,134,73
67,137,171
68,142,52
69,143,213
70,147,514
71,151,46
72,153,160
73,155,271
74,157,144
75,159,174
76,162,57
77,163,138
78,164,51
79,166,49
80,167,184
81,168,276
82,171,27
83,172,212
84,173,86
85,175,568
86,176,32
87,177,710
88,181,296
89,185,54
90,187,522
91,191,222
92,192,11
93,194,352
94,195,299
95,196,207
96,197,333
97,198,133
98,202,174
99,203,146
100,206,0
101,208,179
102,209,208
103,211,52
104,213,191
105,214,464
106,216,364
107,218,158
108,219,68
109,221,459
110,226,463
111,227,34
112,228,66
113,230,50
114,231,725
115,232,55
116,233,147
117,236,122
118,238,45
119,239,136
120,241,510
121,244,324
122,246,476
123,249,8
124,250,177
125,251,406
126,252,307
127,253,85
128,255,288
129,257,211
130,258,435
131,259,209
132,261,223
133,266,117
134,268,69
135,269,273
136,271,429
137,274,606
138,275,545
139,277,153
140,280,353
141,281,209
142,283,57
143,284,324
144,285,590
145,287,159
146,288,314
147,289,82
148,292,302
149,294,133
150,297,220
151,303,333
152,308,458
153,309,36
154,311,26
155,313,272
156,318,254
157,319,27
158,324,302
159,325,346
160,326,61
161,327,34
162,329,168
163,330,98
164,331,142
165,332,140
166,333,14
167,336,82
168,337,236
169,338,247
170,339,579
171,341,155
172,343,286
173,345,274
174,346,139
175,347,612
176,348,165
177,351,269
178,354,181
179,356,159
180,357,396
181,358,180
182,359,585
183,360,78
184,361,0
185,362,113
186,363,7
187,365,221
188,367,357
189,368,31
190,369,206
191,374,726
192,376,173
193,378,274
194,382,435
195,383,49
196,387,104
197,388,342
198,389,276
199,390,4
200,393,194
201,394,321
202,396,191
203,397,43
204,398,26
205,401,254
206,403,387
207,406,344
208,409,39
209,410,173
210,411,131
211,416,409
212,419,157
213,422,12
214,424,263
215,427,172
216,429,1
217,437,212
218,438,918
219,439,157
220,440,345
221,441,35
222,442,131
223,443,654
224,444,106
225,446,409
226,447,466
227,448,435
228,449,48
229,454,154
230,455,224
231,457,206
232,463,469
233,464,270
234,466,474
235,468,158
236,469,370
237,470,940
238,473,95
239,475,435
240,476,320
241,477,313
242,478,338
243,480,439
244,481,123
245,482,87
246,485,66
247,486,183
248,487,739
249,488,86
250,489,200
251,490,47
252,491,227
253,492,31
254,493,120
255,496,305
256,497,311
257,499,172
258,501,396
259,502,969
260,503,98
261,504,222
262,506,294
263,510,295
264,511,65
265,512,4
266,513,43
267,519,195
268,523,96
269,526,129
270,528,3
271,531,418
272,533,431
273,539,66
274,540,38
275,541,133
276,542,227
277,547,68
278,551,745
279,552,36
280,554,155
281,557,58
282,561,487
283,562,286
284,568,106
285,570,226
286,571,234
287,573,229
288,574,591
289,576,469
290,578,117
291,582,183
292,584,145
293,586,130
294,587,18
295,588,312
296,589,247
297,590,175
298,593,17
299,595,460
300,596,275
301,597,247
302,598,366
303,602,349
304,603,57
305,604,368
306,605,622
307,606,412
308,608,247
309,609,78
310,610,242
311,611,43
312,613,155
313,614,101
314,615,640
315,616,269
316,618,195
317,621,9
318,622,244
319,623,179
320,624,107
321,626,294
322,627,213
323,629,181
324,630,62
325,636,186
326,638,50
327,640,257
328,642,76
329,643,218
330,644,107
331,647,177
332,650,166
333,652,216
334,653,178
335,656,30
336,657,32
337,659,132
338,660,171
339,661,146
340,662,645
341,665,242
342,668,44
343,669,229
344,671,458
345,673,33
346,674,472
347,680,55
348,681,75
349,682,109
350,683,4
351,684,173
352,685,62
353,686,71
354,691,582
355,692,348
356,693,31
357,699,383
358,701,397
359,705,52
360,706,25
361,707,151
362,709,46
363,711,140
364,712,293
365,713,249
366,716,153
367,718,269
368,719,237
369,722,19
370,723,556
371,726,575
372,727,277
373,728,35
374,729,260
375,730,68
376,733,695
377,734,447
378,737,207
379,740,283
380,741,371
381,743,197
382,744,248
383,747,163
384,748,46
385,751,161
386,752,69
387,755,364
388,756,600
389,759,64
390,761,16
391,763,128
392,765,614
393,766,303
394,767,466
395,768,578
396,769,84
397,770,421
398,771,209
399,773,193
400,774,123
401,779,259
402,781,291
403,782,238
404,785,512
405,786,434
406,788,460
407,789,274
408,791,263
409,793,30
410,794,143
411,795,380
412,796,202
413,798,603
414,799,161
415,800,231
416,801,128
417,805,387
418,806,112
419,808,133
420,810,3
421,812,117
422,814,146
423,818,618
424,820,481
425,821,411
426,824,364
427,826,89
428,827,16
429,830,556
430,831,193
431,833,208
432,835,254
433,836,53
434,838,47
435,839,99
436,840,232
437,844,242
438,847,492
439,848,258
440,849,445
441,851,221
442,852,520
443,858,30
444,859,19
445,860,118
446,861,433
447,863,306
448,866,85
449,867,125
450,868,181
451,871,448
452,872,194
453,874,103
454,879,482
455,880,136
456,881,396
457,884,310
458,886,319
459,887,120
460,888,332
461,889,101
462,890,140
463,891,325
464,892,84
465,895,484
466,896,346
467,898,174
468,899,263
469,901,141
470,904,93
471,911,548
472,912,240
473,913,294
474,915,335
475,916,249
476,917,422
477,920,151
478,923,628
479,924,225
480,925,271
481,926,293
482,927,442
483,931,212
484,933,65
485,935,394
486,940,157
487,942,32
488,944,122
489,945,61
490,948,263
491,953,47
492,955,24
493,956,250
494,961,9
495,965,84
496,967,723
497,968,59
498,970,278
499,971,36
500,972,54
501,974,269
502,978,98
503,982,7
504,983,272
505,984,153
506,986,44
507,987,17
508,988,105
509,989,297
510,990,742
511,992,155
512,993,83
513,994,190
514,995,148
515,996,243
516,998,64
517,999,307
518,1002,334
519,1007,575
520,1009,419
521,1014,306
522,1016,300
523,1018,107
524,1019,357
525,1020,211
526,1021,19
527,1022,238
528,1027,291
529,1028,338
530,1029,105
531,1034,302
532,1035,218
533,1036,184
534,1037,83
535,1039,546
536,1044,528
537,1045,232
538,1046,440
539,1052,283
540,1053,507
541,1054,665
542,1055,466
543,1056,178
544,1059,273
545,1060,190
546,1064,29
547,1065,68
548,1069,8
549,1070,204
550,1071,538
551,1074,635
552,1076,61
553,1077,303
554,1080,80
555,1081,184
556,1084,377
557,1085,755
558,1091,27
559,1094,175
560,1096,56
561,1097,19
562,1099,102
563,1100,136
564,1102,267
565,1103,409
566,1104,292
567,1105,461
568,1109,18
569,1110,950
570,1111,112
571,1112,321
572,1114,131
573,1116,204
574,1117,234
575,1118,320
576,1122,372
577,1123,104
578,1124,30
579,1125,314
580,1126,193
581,1127,698
582,1128,93
583,1129,215
584,1132,112
585,1134,84
586,1135,251
587,1137,663
588,1141,78
589,1143,263
590,1146,243
591,1151,144
592,1153,9
593,1156,89
594,1161,188
595,1162,155
596,1167,209
597,1172,728
598,1174,841
599,1177,286
600,1181,95
601,1182,566
602,1183,115
603,1186,12
604,1187,129
605,1189,82
606,1190,60
607,1191,256
608,1192,39
609,1195,202
610,1199,81
611,1201,149
612,1203,43
613,1206,958
614,1207,87
615,1208,111
616,1211,64
617,1213,408
618,1214,6
619,1217,106
620,1218,365
621,1220,323
622,1221,320
623,1222,150
624,1224,23
625,1225,246
626,1227,282
627,1228,119
628,1229,101
629,1232,133
630,1236,115
631,1240,215
632,1241,81
633,1242,337
634,1243,171
635,1244,202
636,1245,718
637,1246,82
638,1248,494
639,1250,233
640,1251,199
641,1252,305
642,1254,9
643,1256,296
644,1257,237
645,1259,146
646,1263,511
647,1264,313
648,1266,562
649,1267,424
650,1268,138
651,1270,831
652,1272,10
653,1273,120
654,1275,664
655,1276,44
656,1277,573
657,1282,267
658,1285,460
659,1287,457
660,1288,124
661,1289,72
662,1294,148
663,1295,109
664,1296,152
665,1298,280
666,1299,122
667,1300,9
668,1301,163
669,1303,249
670,1304,37
671,1308,351
672,1309,668
673,1310,557
674,1311,230
675,1313,187
676,1314,344
677,1315,218
678,1316,158
679,1318,128
680,1319,335
681,1320,206
682,1321,54
683,1322,225
684,1324,301
685,1325,122
686,1326,140
687,1327,85
688,1330,463
689,1331,105
690,1334,800
691,1335,196
692,1337,298
693,1341,557
694,1342,640
695,1343,91
696,1347,28
697,1348,310
698,1350,139
699,1351,716
700,1352,223
701,1354,341
702,1355,292
703,1363,371
704,1364,719
705,1365,295
706,1366,815
707,1367,61
708,1371,210
709,1372,374
710,1373,175
711,1376,61
712,1377,210
713,1378,330
714,1380,238
715,1385,143
716,1387,184
717,1388,23
718,1389,22
719,1393,242
720,1394,80
721,1395,283
722,1396,350
723,1398,457
724,1399,90
725,1402,105
726,1403,530
727,1406,597
728,1407,369
729,1408,558
730,1410,26
731,1413,440
732,1416,19
733,1418,94
734,1419,270
735,1422,216
736,1423,232
737,1426,295
738,1430,496
739,1432,127
740,1434,185
741,1436,174
742,1437,617
743,1438,585
744,1440,333
745,1445,427
746,1447,277
747,1448,79
748,1449,186
749,1451,168
750,1453,29
751,1454,37
752,1455,142
753,1457,42
754,1459,21
755,1461,19
756,1462,964
757,1466,80
758,1467,215
759,1468,291
760,1469,259
761,1470,153
762,1476,249
763,1478,185
764,1484,344
765,1487,195
766,1488,322
767,1489,167
768,1492,183
769,1494,170
770,1497,53
771,1501,588
772,1502,705
773,1507,281
774,1508,64
775,1510,159
776,1511,248
777,1513,161
778,1518,252
779,1522,411
780,1523,6
781,1524,451
782,1525,435
783,1526,344
784,1528,29
785,1529,242
786,1532,288
787,1533,680
788,1536,222
789,1542,186
790,1543,639
791,1549,299
792,1554,268
793,1555,61
794,1557,290
795,1559,285
796,1562,28
797,1564,256
798,1566,689
799,1567,379
800,1568,115
801,1573,185
802,1574,184
803,1576,71
804,1577,187
805,1580,303
806,1586,502
807,1587,291
808,1588,571
809,1589,81
810,1590,917
811,1592,24
812,1593,102
813,1596,145
814,1598,679
815,1600,23
816,1603,57
817,1604,346
818,1605,328
819,1606,146
820,1607,98
821,1609,215
822,1611,30
823,1615,375
824,1617,95
825,1618,309
826,1619,451
827,1620,324
828,1622,829
829,1623,12
830,1626,311
831,1627,586
832,1634,156
833,1637,139
834,1639,39
835,1640,102
836,1643,31
837,1644,213
838,1648,132
839,1650,483
840,1653,151
841,1657,223
842,1658,125
843,1659,408
844,1662,246
845,1664,180
846,1665,5
847,1668,172
848,1673,144
849,1675,127
850,1680,49
851,1682,13
852,1683,563
853,1685,438
854,1686,24
855,1690,283
856,1691,557
857,1692,282
858,1694,108
859,1696,241
860,1697,85
861,1699,85
862,1703,713
863,1707,35
864,1711,269
865,1717,315
866,1719,187
867,1720,396
868,1721,187
869,1723,470
870,1725,119
871,1727,74
872,1732,13
873,1735,587
874,1736,18
875,1737,105
876,1738,84
877,1741,77
878,1742,288
879,1744,42
880,1745,398
881,1746,682
882,1747,124
883,1748,437
884,1750,42
885,1752,48
886,1753,20
887,1756,182
888,1757,792
889,1758,11
890,1761,73
891,1763,221
892,1766,34
893,1769,221
894,1771,30
895,1777,558
896,1779,368
897,1781,24
898,1784,380
899,1785,247
900,1786,151
901,1792,406
902,1793,105
903,1794,489
904,1796,37
905,1799,586
906,1800,115
907,1801,138
908,1803,144
909,1804,330
910,1805,294
911,1806,30
912,1808,117
913,1809,659
914,1810,428
915,1811,540
916,1812,663
917,1813,85
918,1815,25
919,1816,70
920,1819,275
921,1820,112
922,1823,153
923,1824,212
924,1827,139
925,1828,279
926,1830,138
927,1835,195
928,1836,296
929,1839,580
930,1840,307
931,1849,196
932,1854,286
933,1855,168
934,1856,483
935,1857,69
936,1860,144
937,1865,219
938,1866,120
939,1869,58
940,1873,700
941,1874,272
942,1878,21
943,1879,110
944,1880,5
945,1881,38
946,1882,98
947,1884,201
948,1885,571
949,1886,419
950,1887,208
951,1892,219
952,1893,490
953,1897,232
954,1898,150
955,1899,126
956,1902,4
957,1903,60
958,1904,23
959,1906,184
960,1907,120
961,1910,662
962,1911,166
963,1912,74
964,1914,18
965,1916,58
966,1918,229
967,1921,232
968,1922,269
969,1923,173
970,1924,216
971,1926,132
972,1927,692
973,1929,195
974,1934,200
975,1937,473
976,1939,210
977,1940,97
978,1941,136
979,1943,39
980,1946,242
981,1947,541
982,1949,440
983,1955,274
984,1958,146
985,1959,44
986,1961,40
987,1964,4
988,1967,181
989,1969,6
990,1971,411
991,1973,422
992,1974,910
993,1980,101
994,1983,48
995,1985,202
996,1986,87
997,1988,219
998,1992,114
999,1994,80
1000,2002,163
1001,2005,415
1002,2008,2
1003,2009,16
1004,2014,678
1005,2016,8
1006,2017,246
1007,2020,81
1008,2028,12
1009,2030,42
1010,2031,265
1011,2032,31
1012,2033,418
1013,2034,45
1014,2035,325
1015,2036,468
1016,2038,931
1017,2039,160
1018,2040,291
1019,2042,115
1020,2043,114
1021,2044,154
1022,2046,490
1023,2047,206
1024,2048,512
1025,2049,44
1026,2055,222
1027,2059,64
1028,2060,73
1029,2065,496
1030,2074,315
1031,2075,570
1032,2076,139
1033,2078,60
1034,2080,329
1035,2082,335
1036,2085,185
1037,2086,118
1038,2087,210
1039,2088,57
1040,2089,35
1041,2090,188
1042,2092,61
1043,2095,129
1044,2096,261
1045,2097,198
1046,2101,334
1047,2103,36
1048,2104,49
1049,2105,230
1050,2106,311
1051,2108,269
1052,2109,448
1053,2110,370
1054,2111,183
1055,2112,475
1056,2113,80
1057,2115,9
1058,2116,99
1059,2117,436
1060,2118,131
1061,2119,131
1062,2120,292
1063,2123,292
1064,2126,207
1065,2127,460
1066,2129,458
1067,2130,279
1068,2132,577
1069,2133,246
1070,2137,71
1071,2138,252
1072,2140,287
1073,2141,320
1074,2143,69
1075,2144,57
1076,2145,189
1077,2147,237
1078,2153,158
1079,2160,119
1080,2162,410
1081,2164,290
1082,2165,254
1083,2168,6
1084,2169,12
1085,2170,235
1086,2172,263
1087,2174,264
1088,2175,263
1089,2177,201
1090,2178,369
1091,2182,9
1092,2184,85
1093,2187,93
1094,2191,18
1095,2192,91
1096,2193,557
1097,2194,483
1098,2197,83
1099,2198,173
1100,2199,65
1101,2201,246
1102,2202,268
1103,2203,281
1104,2207,14
1105,2209,8
1106,2210,25
1107,2212,242
1108,2213,60
1109,2215,287
1110,2216,1
1111,2217,186
1112,2218,281
1113,2220,270
1114,2221,44
1115,2223,171
1116,2226,93
1117,2227,286
1118,2229,269
1119,2230,716
1120,2231,293
1121,2232,169
1122,2234,338
1123,2238,180
1124,2239,174
1125,2240,575
1126,2242,31
1127,2244,49
1128,2248,9
1129,2251,104
1130,2252,33
1131,2253,21
1132,2254,177
1133,2256,222
1134,2259,73
1135,2260,560
1136,2261,428
1137,2265,15
1138,2267,335
1139,2269,349
1140,2270,150
1141,2274,289
1142,2277,386
1143,2278,45
1144,2281,219
1145,2283,47
1146,2284,210
1147,2285,65
1148,2288,88
1149,2289,319
1150,2291,55
1151,2292,372
1152,2293,282
1153,2297,293
1154,2300,139
1155,2301,39
1156,2303,320
1157,2304,256
1158,2305,173
1159,2306,96
1160,2311,395
1161,2313,130
1162,2315,45
1163,2316,110
1164,2317,152
1165,2320,39
1166,2321,613
1167,2323,256
1168,2326,470
1169,2327,3
1170,2328,165
1171,2331,182
1172,2333,134
1173,2335,219
1174,2336,290
1175,2337,209
1176,2339,8
1177,2341,372
1178,2342,194
1179,2346,242
1180,2347,290
1181,2348,201
1182,2349,119
1183,2351,313
1184,2352,303
1185,2354,345
1186,2355,470
1187,2357,365
1188,2360,377
1189,2361,188
1190,2362,36
1191,2363,534
1192,2364,352
1193,2365,258
1194,2368,232
1195,2369,182
1196,2371,190
1197,2373,135
1198,2377,239
1199,2379,15
1200,2381,209
1201,2382,62
1202,2383,317
1203,2385,168
1204,2386,134
1205,2391,31
1206,2393,254
1207,2397,559
1208,2398,578
1209,2399,270
1210,2403,102
1211,2405,341
1212,2406,104
1213,2407,283
1214,2408,133
1215,2412,94
1216,2425,230
1217,2428,76
1218,2430,622
1219,2431,334
1220,2432,282
1221,2438,37
1222,2439,426
1223,2440,201
1224,2443,215
1225,2447,145
1226,2448,74
1227,2449,152
1228,2453,20
1229,2457,48
1230,2458,256
1231,2459,123
1232,2460,198
1233,2464,556
1234,2465,35
1235,2467,184
1236,2468,288
1237,2472,94
1238,2477,91
1239,2478,151
1240,2479,235
1241,2482,323
1242,2484,584
1243,2485,135
1244,2486,362
1245,2487,252
1246,2488,398
1247,2490,296
1248,2493,144
1249,2494,586
1250,2496,443
1251,2498,459
1252,2500,258
1253,2501,104
1254,2502,194
1255,2505,191
1256,2507,93
1257,2508,36
1258,2512,184
1259,2513,49
1260,2514,534
1261,2515,203
1262,2516,75
1263,2519,211
1264,2520,103
1265,2521,187
1266,2522,73
1267,2523,175
1268,2524,265
1269,2528,367
1270,2529,3
1271,2531,0
1272,2533,108
1273,2535,291
1274,2536,97
1275,2537,157
1276,2539,116
1277,2541,211
1278,2544,39
1279,2545,497
1280,2546,594
1281,2547,56
1282,2548,85
1283,2551,234
1284,2552,98
1285,2553,269
1286,2555,76
1287,2556,3
1288,2557,308
1289,2558,702
1290,2559,373
1291,2561,231
1292,2564,205
1293,2565,147
1294,2567,238
1295,2568,282
1296,2570,201
1297,2573,30
1298,2574,279
1299,2576,151
1300,2577,576
1301,2579,153
1302,2581,5
1303,2582,250
1304,2583,242
1305,2584,236
1306,2586,30
1307,2587,500
1308,2588,91
1309,2590,436
1310,2591,9
1311,2592,541
1312,2593,224
1313,2594,419
1314,2595,278
1315,2598,159
1316,2599,477
1317,2600,191
1318,2601,98
1319,2605,258
1320,2608,44
1321,2611,398
1322,2612,220
1323,2619,347
1324,2620,44
1325,2623,96
1326,2624,159
1327,2625,18
1328,2626,459
1329,2627,264
1330,2629,347
1331,2630,13
1332,2632,246
1333,2634,251
1334,2635,190
1335,2637,84
1336,2638,60
1337,2640,254
1338,2641,172
1339,2643,213
1340,2645,228
1341,2646,932
1342,2649,186
1343,2657,91
1344,2659,288
1345,2661,16
1346,2664,8
1347,2666,28
1348,2668,206
1349,2670,35
1350,2673,52
1351,2676,709
1352,2679,91
1353,2681,73
1354,2683,142
1355,2685,175
1356,2688,423
1357,2691,83
1358,2695,86
1359,2696,84
1360,2698,215
1361,2699,10
1362,2700,302
1363,2702,188
1364,2704,99
1365,2706,88
1366,2708,785
1367,2709,280
1368,2710,571
1369,2712,242
1370,2715,639
1371,2719,308
1372,2721,235
1373,2722,265
1374,2724,82
1375,2725,489
1376,2726,25
1377,2729,41
1378,2732,27
1379,2733,109
1380,2735,548
1381,2736,184
1382,2737,687
1383,2739,94
1384,2740,373
1385,2741,404
1386,2744,156
1387,2745,263
1388,2746,118
1389,2747,157
1390,2748,295
1391,2750,777
1392,2751,237
1393,2753,245
1394,2756,314
1395,2757,429
1396,2758,22
1397,2759,140
1398,2762,115
1399,2763,297
1400,2764,234
1401,2766,172
1402,2767,331
1403,2768,317
1404,2771,93
1405,2773,331
1406,2774,14
1407,2775,125
1408,2778,220
1409,2779,444
1410,2780,196
1411,2781,754
1412,2783,262
1413,2784,158
1414,2785,49
1415,2786,175
1416,2790,183
1417,2791,134
1418,2794,157
1419,2795,193
1420,2796,74
1421,2797,198
1422,2798,63
1423,2800,4
1424,2801,6
1425,2803,222
1426,2805,230
1427,2809,239
1428,2812,271
1429,2815,247
1430,2817,202
1431,2818,102
1432,2819,210
1433,2820,265
1434,2822,120
1435,2824,44
1436,2825,3
1437,2835,376
1438,2836,565
1439,2838,893
1440,2840,309
1441,2841,287
1442,2842,280
1443,2843,152
1444,2846,703
1445,2847,306
1446,2848,292
1447,2854,49
1448,2856,146
1449,2858,287
1450,2859,277
1451,2860,78
1452,2861,272
1453,2862,176
1454,2863,65
1455,2864,336
1456,2867,341
1457,2870,530
1458,2871,203
1459,2872,104
1460,2873,236
1461,2875,589
1462,2877,344
1463,2880,477
1464,2882,279
1465,2884,8
1466,2886,146
1467,2887,172
1468,2891,296
1469,2897,367
1470,2899,140
1471,2905,135
1472,2911,77
1473,2912,80
1474,2913,22
1475,2914,189
1476,2917,64
1477,2919,587
1478,2920,50
1479,2927,328
1480,2928,69
1481,2929,34
1482,2934,784
1483,2936,41
1484,2939,60
1485,2940,320
1486,2941,725
1487,2942,296
1488,2943,368
1489,2945,165
1490,2947,70
1491,2948,239
1492,2949,160
1493,2953,234
1494,2954,49
1495,2955,198
1496,2957,161
1497,2959,381
1498,2962,33
1499,2965,131
1500,2966,524
1501,2967,184
1502,2968,281
1503,2973,506
1504,2975,30
1505,2977,17
1506,2979,33
1507,2981,95
1508,2983,466
1509,2984,250
1510,2985,177
1511,2986,38
1512,2987,176
1513,2989,283
1514,2991,207
1515,2993,549
1516,2995,489
1517,2996,330
1518,2997,13
1519,2998,729
1520,3000,157
1521,3001,266
1522,3002,305
1523,3004,93
1524,3005,781
1525,3006,656
1526,3008,508
1527,3009,187
1528,3011,59
1529,3012,24
1530,3014,116
1531,3018,200
1532,3020,60
1533,3021,134
1534,3022,66
1535,3024,74
1536,3026,56
1537,3028,766
1538,3029,254
1539,3032,142
1540,3033,79
1541,3037,548
1542,3038,634
1543,3040,519
1544,3041,131
1545,3042,166
1546,3045,497
1547,3052,324
1548,3055,268
1549,3056,189
1550,3059,12
1551,3062,3
1552,3063,202
1553,3065,151
1554,3066,93
1555,3067,27
1556,3071,3
1557,3072,16
1558,3081,82
1559,3083,223
1560,3087,471
1561,3088,252
1562,3089,594
1563,3090,368
1564,3091,265
1565,3092,335
1566,3093,165
1567,3094,101
1568,3095,12
1569,3096,398
1570,3101,497
1571,3107,8
1572,3109,249
1573,3110,11
1574,3111,531
1575,3114,14
1576,3118,180
1577,3119,344
1578,3120,112
1579,3121,395
1580,3122,77
1581,3131,154
1582,3132,142
1583,3135,91
1584,3148,317
1585,3152,342
1586,3153,152
1587,3157,68
1588,3158,357
1589,3159,122
1590,3162,343
1591,3163,160
1592,3164,239
1593,3165,343
1594,3166,751
1595,3167,232
1596,3169,111
1597,3171,42
1598,3172,266
1599,3173,188
1600,3174,187
1601,3180,242
1602,3182,277
1603,3183,497
1604,3184,206
1605,3186,237
1606,3187,133
1607,3189,205
1608,3192,60
1609,3199,136
1610,3202,138
1611,3203,194
1612,3208,114
1613,3211,17
1614,3212,313
1615,3214,276
1616,3215,52
1617,3216,287
1618,3221,236
1619,3222,966
1620,3225,294
1621,3227,609
1622,3229,401
1623,3230,440
1624,3232,497
1625,3235,181
1626,3236,101
1627,3239,412
1628,3243,217
1629,3244,201
1630,3247,301
1631,3254,589
1632,3255,69
1633,3259,683
1634,3260,121
1635,3261,242
1636,3265,122
1637,3266,263
1638,3268,177
1639,3269,266
1640,3271,274
1641,3272,150
1642,3273,142
1643,3274,59
1644,3275,205
1645,3282,633
1646,3283,491
1647,3284,438
1648,3285,89
1649,3289,135
1650,3290,96
1651,3292,392
1652,3293,311
1653,3295,112
1654,3297,176
1655,3298,317
1656,3300,54
1657,3307,77
1658,3311,151
1659,3317,174
1660,3318,895
1661,3319,260
1662,3321,116
1663,3325,33
1664,3326,438
1665,3330,496
1666,3331,284
1667,3332,179
1668,3336,212
1669,3337,122
1670,3339,159
1671,3340,20
1672,3341,67
1673,3342,181
1674,3344,114
1675,3345,88
1676,3347,236
1677,3349,300
1678,3351,195
1679,3354,70
1680,3355,583
1681,3357,595
1682,3360,110
1683,3362,97
1684,3364,209
1685,3367,421
1686,3370,225
1687,3372,126
1688,3373,298
1689,3374,11
1690,3380,454
1691,3381,7
1692,3383,94
1693,3384,268
1694,3385,18
1695,3387,492
1696,3388,231
1697,3391,64
1698,3392,189
1699,3395,81
1700,3396,3
1701,3397,182
1702,3399,157
1703,3400,152
1704,3401,203
1705,3402,153
1706,3403,152
1707,3405,25
1708,3409,521
1709,3411,167
1710,3414,482
1711,3416,313
1712,3418,1
1713,3420,107
1714,3421,23
1715,3422,156
1716,3423,463
1717,3424,454
1718,3430,135
1719,3431,548
1720,3438,139
1721,3440,6
1722,3443,52
1723,3444,761
1724,3446,207
1725,3447,222
1726,3448,3
1727,3449,169
1728,3452,95
1729,3453,153
1730,3454,783
1731,3463,116
1732,3466,182
1733,3469,188
1734,3471,69
1735,3473,312
1736,3475,228
1737,3478,537
1738,3479,101
1739,3481,185
1740,3482,241
1741,3485,548
1742,3487,386
1743,3489,28
1744,3490,477
1745,3492,203
1746,3493,338
1747,3495,464
1748,3497,118
1749,3500,297
1750,3502,89
1751,3503,431
1752,3505,564
1753,3506,475
1754,3509,308
1755,3512,161
1756,3516,368
1757,3519,104
1758,3520,528
1759,3524,264
1760,3528,11
1761,3532,24
1762,3533,110
1763,3534,185
1764,3535,448
1765,3538,695
1766,3540,736
1767,3543,190
1768,3546,282
1769,3548,209
1770,3551,124
1771,3554,150
1772,3555,289
1773,3556,162
1774,3557,153
1775,3563,220
1776,3565,119
1777,3568,242
1778,3569,511
1779,3573,44
1780,3575,92
1781,3577,110
1782,3578,82
1783,3579,134
1784,3586,473
1785,3591,135
1786,3592,245
1787,3593,181
1788,3594,158
1789,3596,6
1790,3601,747
1791,3603,358
1792,3604,570
1793,3606,49
1794,3607,124
1795,3608,396
1796,3612,163
1797,3613,266
1798,3614,129
1799,3616,459
1800,3619,80
1801,3623,416
1802,3625,122
1803,3628,89
1804,3630,96
1805,3632,233
1806,3637,192
1807,3638,720
1808,3639,169
1809,3641,201
1810,3642,213
1811,3643,397
1812,3645,20
1813,3646,75
1814,3647,182
1815,3648,323
1816,3649,203
1817,3651,53
1818,3653,56
1819,3657,41
1820,3658,193
1821,3659,286
1822,3661,22
1823,3663,42
1824,3665,593
1825,3667,346
1826,3668,35
1827,3669,245
1828,3670,960
1829,3671,130
1830,3672,57
1831,3674,204
1832,3678,348
1833,3680,208
1834,3683,108
1835,3686,191
1836,3690,15
1837,3691,59
1838,3693,282
1839,3694,112
1840,3697,628
1841,3702,913
1842,3704,314
1843,3705,173
1844,3710,407
1845,3712,568
1846,3715,100
1847,3717,354
1848,3718,88
1849,3724,46
1850,3725,156
1851,3726,88
1852,3730,223
1853,3733,0
1854,3735,153
1855,3740,27
1856,3745,49
1857,3747,103
1858,3748,234
1859,3749,131
1860,3751,323
1861,3752,148
1862,3753,90
1863,3756,167
1864,3757,111
1865,3758,164
1866,3759,163
1867,3760,75
1868,3764,615
1869,3768,338
1870,3770,222
1871,3776,597
1872,3777,17
1873,3778,119
1874,3780,97
1875,3782,47
1876,3784,91
1877,3786,251
1878,3788,139
1879,3791,398
1880,3793,556
1881,3794,429
1882,3796,627
1883,3797,196
1884,3798,996
1885,3799,263
1886,3800,87
1887,3802,36
1888,3803,46
1889,3806,768
1890,3809,242
1891,3811,181
1892,3812,308
1893,3814,99
1894,3815,487
1895,3819,146
1896,3821,212
1897,3823,3
1898,3825,448
1899,3832,247
1900,3833,124
1901,3837,287
1902,3839,436
1903,3840,383
1904,3841,176
1905,3842,16
1906,3843,253
1907,3846,149
1908,3847,694
1909,3848,160
1910,3850,210
1911,3851,88
1912,3853,166
1913,3856,75
1914,3857,683
1915,3859,95
1916,3862,902
1917,3863,101
1918,3864,348
1919,3866,79
1920,3867,32
1921,3870,730
1922,3872,165
1923,3873,243
1924,3874,56
1925,3878,175
1926,3879,152
1927,3880,245
1928,3881,214
1929,3882,142
1930,3884,133
1931,3885,205
1932,3886,218
1933,3887,44
1934,3889,245
1935,3890,88
1936,3891,579
1937,3894,917
1938,3895,186
1939,3897,52
1940,3898,175
1941,3903,332
1942,3904,78
1943,3905,78
1944,3906,302
1945,3907,273
1946,3908,26
1947,3910,90
1948,3912,98
1949,3917,229
1950,3918,196
1951,3919,589
1952,3920,309
1953,3921,539
1954,3923,570
1955,3926,864
1956,3930,23
1957,3931,101
1958,3934,288
1959,3939,17
1960,3941,454
1961,3942,97
1962,3944,67
1963,3946,106
1964,3947,64
1965,3948,324
1966,3949,13
1967,3951,592
1968,3952,63
1969,3954,107
1970,3956,758
1971,3960,252
1972,3962,176
1973,3966,750
1974,3967,454
1975,3968,14
1976,3969,9
1977,3970,192
1978,3971,268
1979,3972,262
1980,3977,30
1981,3978,187
1982,3979,165
1983,3982,270
1984,3985,23
1985,3987,312
1986,3988,87
1987,3991,56
1988,3992,179
1989,3994,228
1990,3996,311
1991,3997,582
1992,3999,478
1993,4003,273
1994,4006,139
1995,4007,624
1996,4008,29
1997,4011,206
1998,4012,183
1999,4013,57
2000,4015,2
2001,4016,121
2002,4018,468
2003,4019,198
2004,4020,205
2005,4023,265
2006,4024,126
2007,4028,191
2008,4029,175
2009,4031,133
2010,4033,38
2011,4035,59
2012,4046,152
2013,4047,450
2014,4049,270
2015,4051,223
2016,4054,265
2017,4055,138
2018,4056,279
2019,4058,117
2020,4060,9
2021,4063,197
2022,4065,157
2023,4067,249
2024,4068,260
2025,4071,401
2026,4073,81
2027,4074,336
2028,4079,268
2029,4080,307
2030,4081,88
2031,4082,266
2032,4083,196
2033,4084,465
2034,4085,158
2035,4092,318
2036,4093,237
2037,4095,316
2038,4096,29
2039,4098,52
2040,4099,62
2041,4100,342
2042,4101,357
2043,4104,94
2044,4105,200
2045,4107,275
2046,4108,181
2047,4109,25
2048,4112,290
2049,4113,321
2050,4114,693
2051,4116,653
2052,4117,100
2053,4119,126
2054,4121,183
2055,4122,204
2056,4123,455
2057,4124,108
2058,4125,49
2059,4126,749
2060,4127,350
2061,4128,441
2062,4131,187
2063,4132,247
2064,4133,20
2065,4134,99
2066,4135,306
2067,4136,112
2068,4140,286
2069,4141,230
2070,4144,24
2071,4147,390
2072,4149,76
2073,4150,182
2074,4152,4
2075,4155,29
2076,4156,292
2077,4157,358
2078,4160,303
2079,4164,89
2080,4165,261
2081,4167,129
2082,4168,277
2083,4170,335
2084,4171,49
2085,4173,25
2086,4176,195
2087,4177,596
2088,4178,624
2089,4179,440
2090,4180,657
2091,4182,122
2092,4185,68
2093,4189,195
2094,4190,394
2095,4191,311
2096,4195,185
2097,4196,49
2098,4197,484
2099,4198,167
2100,4200,0
2101,4204,301
2102,4206,263
2103,4213,102
2104,4214,505
2105,4222,62
2106,4223,253
2107,4226,282
2108,4230,199
2109,4234,102
2110,4235,261
2111,4236,150
2112,4237,174
2113,4239,293
2114,4242,344
2115,4246,1
2116,4247,228
2117,4249,16
2118,4251,125
2119,4253,244
2120,4254,473
2121,4256,353
2122,4257,7
2123,4258,125
2124,4259,24
2125,4262,125
2126,4265,136
2127,4266,276
2128,4267,263
2129,4269,66
2130,4270,60
2131,4271,131
2132,4273,233
2133,4275,195
2134,4276,3
2135,4277,239
2136,4278,406
2137,4279,190
2138,4280,245
2139,4281,20
2140,4286,227
2141,4290,344
2142,4294,72
2143,4302,151
2144,4303,171
2145,4306,561
2146,4308,250
2147,4310,544
2148,4312,229
2149,4314,229
2150,4315,698
2151,4316,174
2152,4319,111
2153,4320,258
2154,4321,60
2155,4322,439
2156,4323,147
2157,4324,137
2158,4325,157
2159,4327,458
2160,4328,11
2161,4329,162
2162,4330,282
2163,4331,121
2164,4333,28
2165,4334,251
2166,4335,181
2167,4336,96
2168,4338,599
2169,4340,652
2170,4343,197
2171,4345,49
2172,4346,216
2173,4347,471
2174,4349,496
2175,4350,685
2176,4351,125
2177,4353,223
2178,4354,320
2179,4355,211
2180,4357,89
2181,4358,94
2182,4359,342
2183,4362,181
2184,4365,226
2185,4366,45
2186,4367,491
2187,4368,156
2188,4370,555
2189,4373,37
2190,4375,261
2191,4376,380
2192,4377,282
2193,4378,78
2194,4379,167
2195,4381,675
2196,4382,116
2197,4385,218
2198,4387,68
2199,4388,32
2200,4389,0
2201,4390,129
2202,4391,485
2203,4392,284
2204,4394,344
2205,4395,270
2206,4397,47
2207,4398,48
2208,4399,34
2209,4400,34
2210,4402,278
2211,4403,583
2212,4405,353
2213,4406,169
2214,4407,214
2215,4409,173
2216,4410,44
2217,4411,588
2218,4413,36
2219,4414,412
2220,4421,451
2221,4423,638
2222,4424,73
2223,4427,100
2224,4429,102
2225,4431,569
2226,4432,265
2227,4433,712
2228,4434,374
2229,4435,321
2230,4436,444
2231,4438,296
2232,4440,303
2233,4443,410
2234,4450,207
2235,4454,190
2236,4462,145
2237,4465,319
2238,4468,584
2239,4470,143
2240,4473,10
2241,4475,697
2242,4476,199
2243,4477,216
2244,4481,122
2245,4483,66
2246,4485,457
2247,4488,10
2248,4490,92
2249,4494,142
2250,4495,337
2251,4497,64
2252,4498,90
2253,4500,318
2254,4502,448
2255,4504,140
2256,4505,67
2257,4508,296
2258,4509,262
2259,4512,9
2260,4513,30
2261,4514,259
2262,4518,7
2263,4519,404
2264,4520,117
2265,4525,207
2266,4527,548
2267,4530,300
2268,4533,169
2269,4534,208
2270,4536,336
2271,4537,121
2272,4539,150
2273,4540,282
2274,4543,5
2275,4544,15
2276,4546,8
2277,4547,39
2278,4548,345
2279,4549,409
2280,4550,196
2281,4552,78
2282,4553,135
2283,4556,141
2284,4558,241
2285,4560,184
2286,4562,363
2287,4564,645
2288,4565,290
2289,4566,599
2290,4575,1
2291,4576,282
2292,4577,25
2293,4578,227
2294,4579,93
2295,4590,279
2296,4591,496
2297,4594,305
2298,4595,79
2299,4596,373
2300,4597,244
2301,4598,820
2302,4602,82
2303,4603,275
2304,4604,349
2305,4606,328
2306,4607,90
2307,4609,249
2308,4610,391
2309,4611,209
2310,4612,181
2311,4615,254
2312,4618,205
2313,4620,25
2314,4621,223
2315,4622,237
2316,4623,38
2317,4630,303
2318,4631,198
2319,4632,131
2320,4633,78
2321,4635,250
2322,4636,276
2323,4637,620
2324,4640,308
2325,4641,79
2326,4645,22
2327,4646,71
2328,4649,18
2329,4650,191
2330,4651,118
2331,4652,131
2332,4654,63
2333,4655,436
2334,4657,273
2335,4658,659
2336,4660,784
2337,4662,541
2338,4663,244
2339,4664,193
2340,4668,270
2341,4669,229
2342,4670,537
2343,4673,100
2344,4674,394
2345,4675,133
2346,4679,85
2347,4680,264
2348,4683,257
2349,4688,313
2350,4689,356
2351,4690,67
2352,4693,351
2353,4695,214
2354,4696,202
2355,4697,247
2356,4699,104
2357,4701,641
2358,4702,350
2359,4704,383
2360,4705,127
2361,4706,168
2362,4709,475
2363,4712,238
2364,4713,239
2365,4715,162
2366,4716,204
2367,4720,233
2368,4721,419
2369,4722,563
2370,4724,703
2371,4727,80
2372,4730,315
2373,4734,612
2374,4736,298
2375,4739,209
2376,4740,127
2377,4742,192
2378,4744,198
2379,4746,270
2380,4747,189
2381,4751,414
2382,4752,330
2383,4753,696
2384,4755,19
2385,4756,683
2386,4757,269
2387,4761,121
2388,4764,204
2389,4766,578
2390,4767,191
2391,4769,95
2392,4771,249
2393,4772,13
2394,4773,390
2395,4779,49
2396,4783,420
2397,4786,374
2398,4789,192
2399,4790,783
2400,4791,251
2401,4792,332
2402,4793,296
2403,4796,217
2404,4804,264
2405,4806,186
2406,4807,321
2407,4808,41
2408,4809,23
2409,4810,265
2410,4811,0
2411,4813,264
2412,4815,477
2413,4816,38
2414,4820,14
2415,4821,210
2416,4822,631
2417,4823,149
2418,4826,18
2419,4828,21
2420,4829,550
2421,4833,96
2422,4837,171
2423,4838,163
2424,4839,346
2425,4840,190
2426,4841,235
2427,4843,246
2428,4844,37
2429,4845,59
2430,4846,259
2431,4847,453
2432,4848,142
2433,4849,294
2434,4851,257
2435,4852,564
2436,4855,49
2437,4859,45
2438,4860,198
2439,4864,484
2440,4866,180
2441,4867,16
2442,4869,66
2443,4873,18
2444,4874,51
2445,4876,133
2446,4878,275
2447,4879,182
2448,4880,306
2449,4881,544
2450,4883,445
2451,4885,339
2452,4888,273
2453,4889,242
2454,4892,211
2455,4899,2
2456,4903,743
2457,4905,150
2458,4906,45
2459,4908,315
2460,4911,580
2461,4913,261
2462,4915,352
2463,4916,226
2464,4917,104
2465,4918,367
2466,4919,2
2467,4921,247
2468,4923,476
2469,4925,545
2470,4927,463
2471,4928,568
2472,4929,37
2473,4931,259
2474,4933,270
2475,4936,39
2476,4937,159
2477,4938,131
2478,4939,130
2479,4941,292
2480,4946,69
2481,4947,238
2482,4948,455
2483,4949,96
2484,4950,87
2485,4951,16
2486,4952,219
2487,4953,114
2488,4954,0
2489,4955,114
2490,4956,72
2491,4957,320
2492,4958,532
2493,4960,319
2494,4961,86
2495,4964,22
2496,4965,118
2497,4967,711
2498,4968,288
2499,4970,346
2500,4971,261
2501,4976,104
2502,4979,392
2503,4981,130
2504,4982,90
2505,4983,299
2506,4984,205
2507,4985,250
2508,4986,330
2509,4987,459
2510,4989,303
2511,4990,50
2512,4992,329
2513,4993,56
2514,4994,59
2515,5001,139
2516,5002,152
2517,5003,134
2518,5010,516
2519,5011,151
2520,5015,293
2521,5017,243
2522,5019,172
2523,5020,337
2524,5024,281
2525,5028,130
2526,5029,402
2527,5030,118
2528,5032,82
2529,5033,197
2530,5034,120
2531,5035,292
2532,5037,249
2533,5038,4
2534,5040,117
2535,5041,702
2536,5046,650
2537,5047,215
2538,5048,343
2539,5049,98
2540,5050,50
2541,5054,69
2542,5055,68
2543,5056,242
2544,5057,149
2545,5059,202
2546,5061,298
2547,5066,159
2548,5071,398
2549,5075,234
2550,5076,92
2551,5077,158
2552,5079,237
2553,5081,240
2554,5082,283
2555,5083,611
2556,5084,347
2557,5085,55
2558,5087,151
2559,5089,69
2560,5090,418
2561,5093,113
2562,5094,116
2563,5097,226
2564,5098,321
2565,5104,17
2566,5107,316
2567,5108,727
2568,5110,493
2569,5112,22
2570,5114,255
2571,5121,201
2572,5125,410
2573,5128,204
2574,5129,236
2575,5130,26
2576,5132,19
2577,5133,118
2578,5134,18
2579,5135,265
2580,5136,46
2581,5137,373
2582,5140,521
2583,5142,969
2584,5145,87
2585,5146,225
2586,5147,592
2587,5149,574
2588,5150,15
2589,5151,150
2590,5153,94
2591,5155,28
2592,5159,494
2593,5160,47
2594,5162,35
2595,5163,172
2596,5167,159
2597,5168,296
2598,5173,400
2599,5175,96
2600,5176,343
2601,5177,166
2602,5178,103
2603,5181,561
2604,5182,186
2605,5184,40
2606,5186,22
2607,5189,332
2608,5190,151
2609,5193,229
2610,5199,165
2611,5200,35
2612,5201,268
2613,5202,559
2614,5203,271
2615,5204,238
2616,5206,174
2617,5208,102
2618,5210,246
2619,5211,444
2620,5212,78
2621,5214,258
2622,5216,248
2623,5218,185
2624,5220,32
2625,5221,300
2626,5222,71
2627,5226,284
2628,5227,106
2629,5230,226
2630,5231,517
2631,5233,186
2632,5234,298
2633,5239,31
2634,5240,123
2635,5246,516
2636,5254,154
2637,5256,8
2638,5259,62
2639,5260,164
2640,5264,340
2641,5265,268
2642,5266,333
2643,5267,594
2644,5268,419
2645,5272,307
2646,5273,36
2647,5274,268
2648,5277,379
2649,5278,686
2650,5279,333
2651,5280,370
2652,5283,178
2653,5284,66
2654,5287,669
2655,5288,207
2656,5294,204
2657,5295,583
2658,5296,20
2659,5298,622
2660,5299,128
2661,5300,46
2662,5302,710
2663,5303,79
2664,5304,142
2665,5305,203
2666,5308,224
2667,5314,446
2668,5319,435
2669,5320,230
2670,5324,232
2671,5327,23
2672,5329,228
2673,5332,236
2674,5335,214
2675,5336,85
2676,5338,329
2677,5342,425
2678,5343,412
2679,5344,53
2680,5351,477
2681,5354,18
2682,5357,70
2683,5359,402
2684,5360,105
2685,5361,370
2686,5364,591
2687,5365,305
2688,5368,20
2689,5374,167
2690,5375,74
2691,5378,361
2692,5380,90
2693,5381,272
2694,5382,142
2695,5384,244
2696,5387,73
2697,5391,269
2698,5394,60
2699,5396,320
2700,5397,281
2701,5398,358
2702,5400,39
2703,5401,50
2704,5404,41
2705,5405,725
2706,5406,609
2707,5407,472
2708,5408,86
2709,5409,200
2710,5410,189
2711,5411,49
2712,5412,197
2713,5415,423
2714,5416,299
2715,5417,89
2716,5418,94
2717,5420,35
2718,5422,179
2719,5423,521
2720,5424,287
2721,5425,731
2722,5429,273
2723,5430,221
2724,5433,256
2725,5439,82
2726,5440,94
2727,5441,140
2728,5442,321
2729,5450,266
2730,5451,21
2731,5452,328
2732,5453,187
2733,5454,92
2734,5455,391
2735,5457,369
2736,5458,71
2737,5459,551
2738,5461,186
2739,5462,551
2740,5464,171
2741,5466,72
2742,5467,565
2743,5468,2
2744,5473,203
2745,5475,202
2746,5479,213
2747,5480,9
2748,5483,196
2749,5484,39
2750,5485,178
2751,5486,166
2752,5487,185
2753,5489,506
2754,5490,199
2755,5491,104
2756,5492,409
2757,5494,463
2758,5495,2
2759,5496,172
2760,5497,286
2761,5503,155
2762,5506,107
2763,5508,295
2764,5509,60
2765,5510,145
2766,5511,608
2767,5512,247
2768,5519,378
2769,5522,260
2770,5525,265
2771,5527,123
2772,5531,607
2773,5532,362
2774,5534,227
2775,5537,106
2776,5538,29
2777,5539,24
2778,5542,42
2779,5543,509
2780,5550,180
2781,5552,149
2782,5553,309
2783,5554,119
2784,5556,382
2785,5557,270
2786,5559,0
2787,5563,150
2788,5567,335
2789,5569,232
2790,5570,180
2791,5571,86
2792,5572,232
2793,5573,459
2794,5576,83
2795,5578,320
2796,5579,209
2797,5580,212
2798,5582,100
2799,5584,297
2800,5586,72
2801,5587,333
2802,5589,390
2803,5590,982
2804,5593,84
2805,5595,546
2806,5596,74
2807,5597,215
2808,5598,466
2809,5600,485
2810,5604,240
2811,5605,458
2812,5606,89
2813,5607,316
2814,5608,66
2815,5609,198
2816,5610,194
2817,5612,169
2818,5613,189
2819,5617,486
2820,5618,271
2821,5619,245
2822,5621,237
2823,5624,177
2824,5626,134
2825,5628,316
2826,5632,260
2827,5633,175
2828,5636,206
2829,5637,425
2830,5639,276
2831,5640,36
2832,5642,327
2833,5643,43
2834,5644,279
2835,5645,80
2836,5648,147
2837,5650,274
2838,5653,146
2839,5654,353
2840,5655,129
2841,5658,103
2842,5659,468
2843,5661,778
2844,5662,266
2845,5663,122
2846,5664,544
2847,5665,109
2848,5669,193
2849,5671,177
2850,5673,78
2851,5674,274
2852,5676,348
2853,5679,85
2854,5680,123
2855,5682,667
2856,5683,202
2857,5685,367
2858,5686,669
2859,5688,358
2860,5689,165
2861,5691,143
2862,5693,50
2863,5696,382
2864,5697,69
2865,5700,313
2866,5701,148
2867,5704,268
2868,5705,172
2869,5707,137
2870,5709,237
2871,5710,250
2872,5712,239
2873,5713,260
2874,5714,470
2875,5715,36
2876,5716,532
2877,5717,85
2878,5718,464
2879,5719,122
2880,5720,77
2881,5722,183
2882,5724,131
2883,5726,555
2884,5728,240
2885,5730,259
2886,5734,197
2887,5736,11
2888,5740,285
2889,5748,572
2890,5750,344
2891,5752,117
2892,5753,234
2893,5756,320
2894,5761,26
2895,5762,18
2896,5763,44
2897,5764,340
2898,5765,435
2899,5769,35
2900,5771,162
2901,5772,288
2902,5773,277
2903,5774,105
2904,5775,380
2905,5776,242
2906,5777,52
2907,5779,53
2908,5780,336
2909,5781,122
2910,5782,471
2911,5784,336
2912,5785,272
2913,5787,5
2914,5788,83
2915,5789,102
2916,5791,436
2917,5793,201
2918,5797,49
2919,5798,179
2920,5801,4
2921,5802,218
2922,5804,314
2923,5806,121
2924,5807,181
2925,5808,233
2926,5809,333
2927,5811,320
2928,5812,557
2929,5814,924
2930,5815,50
2931,5816,181
2932,5817,154
2933,5818,301
2934,5819,550
2935,5820,112
2936,5821,144
2937,5822,201
2938,5826,38
2939,5827,111
2940,5828,257
2941,5829,166
2942,5831,521
2943,5833,234
2944,5834,107
2945,5836,225
2946,5837,95
2947,5841,693
2948,5843,83
2949,5849,60
2950,5851,86
2951,5855,145
2952,5856,269
2953,5859,228
2954,5860,304
2955,5861,100
2956,5863,443
2957,5867,293
2958,5869,25
2959,5870,50
2960,5872,173
2961,5873,738
2962,5874,27
2963,5875,360
2964,5881,289
2965,5882,149
2966,5884,388
2967,5886,699
2968,5887,93
2969,5890,232
2970,5891,67
2971,5893,98
2972,5895,54
2973,5896,164
2974,5897,90
2975,5898,208
2976,5900,330
2977,5903,272
2978,5905,315
2979,5906,494
2980,5908,37
2981,5912,50
2982,5914,206
2983,5920,112
2984,5923,289
2985,5924,146
2986,5925,270
2987,5926,128
2988,5928,79
2989,5930,346
2990,5931,269
2991,5932,227
2992,5935,356
2993,5939,219
2994,5941,371
2995,5942,779
2996,5946,185
2997,5947,327
2998,5948,369
2999,5951,85
3000,5952,260
3001,5955,136
3002,5957,82
3003,5960,277
3004,5961,85
3005,5962,253
3006,5963,37
3007,5964,348
3008,5965,75
3009,5966,38
3010,5970,593
3011,5972,797
3012,5976,174
3013,5977,145
3014,5978,182
3015,5979,371
3016,5981,57
3017,5987,260
3018,5988,32
3019,5989,133
3020,5990,170
3021,5991,606
3022,5996,339
3023,5997,20
3024,5998,118
3025,6000,308
3026,6001,685
3027,6003,218
3028,6004,119
3029,6008,81
3030,6009,75
3031,6011,653
3032,6013,89
3033,6014,580
3034,6015,478
3035,6016,285
3036,6024,59
3037,6027,259
3038,6030,65
3039,6031,338
3040,6032,7
3041,6038,886
3042,6040,258
3043,6041,28
3044,6042,192
3045,6044,260
3046,6048,584
3047,6049,92
3048,6051,44
3049,6052,128
3050,6053,412
3051,6055,12
3052,6059,51
3053,6060,90
3054,6062,28
3055,6064,292
3056,6068,678
3057,6070,817
3058,6071,19
3059,6072,108
3060,6075,591
3061,6076,225
3062,6083,178
3063,6084,279
3064,6087,388
3065,6088,52
3066,6090,165
3067,6092,31
3068,6095,103
3069,6098,340
3070,6099,72
3071,6101,157
3072,6103,209
3073,6110,615
3074,6113,135
3075,6114,270
3076,6117,77
3077,6118,67
3078,6119,703
3079,6122,315
3080,6125,49
3081,6127,592
3082,6128,40
3083,6130,102
3084,6131,352
3085,6132,168
3086,6139,415
3087,6140,271
3088,6141,753
3089,6143,7
3090,6145,131
3091,6146,78
3092,6153,175
3093,6156,52
3094,6157,75
3095,6160,346
3096,6162,128
3097,6164,441
3098,6168,281
3099,6169,271
3100,6170,147
3101,6172,232
3102,6177,95
3103,6178,43
3104,6179,175
3105,6180,129
3106,6183,36
3107,6185,248
3108,6188,176
3109,6189,218
3110,6190,265
3111,6191,591
3112,6192,124
3113,6193,89
3114,6196,89
3115,6199,12
3116,6203,266
3117,6205,303
3118,6210,491
3119,6211,286
3120,6212,131
3121,6213,451
3122,6215,526
3123,6216,237
3124,6217,31
3125,6218,68
3126,6219,174
3127,6220,323
3128,6221,165
3129,6222,275
3130,6223,80
3131,6224,242
3132,6226,72
3133,6227,163
3134,6230,594
3135,6231,21
3136,6232,167
3137,6234,20
3138,6235,199
3139,6239,497
3140,6241,199
3141,6243,122
3142,6246,147
3143,6247,121
3144,6248,144
3145,6249,75
3146,6253,264
3147,6256,122
3148,6260,127
3149,6261,168
3150,6262,572
3151,6265,39
3152,6266,18
3153,6267,666
3154,6268,305
3155,6269,426
3156,6271,145
3157,6272,348
3158,6274,128
3159,6275,296
3160,6276,203
3161,6279,548
3162,6280,189
3163,6283,62
3164,6286,195
3165,6287,200
3166,6289,511
3167,6291,591
3168,6294,635
3169,6296,54
3170,6297,176
3171,6301,582
3172,6302,418
3173,6303,141
3174,6306,388
3175,6307,262
3176,6308,316
3177,6311,590
3178,6313,188
3179,6314,119
3180,6315,161
3181,6316,141
3182,6317,52
3183,6319,90
3184,6320,306
3185,6324,298
3186,6325,271
3187,6326,239
3188,6329,211
3189,6332,109
3190,6333,526
3191,6335,369
3192,6336,157
3193,6337,44
3194,6340,200
3195,6346,86
3196,6348,347
3197,6351,325
3198,6355,58
3199,6358,880
3200,6359,291
3201,6361,90
3202,6364,83
3203,6365,450
3204,6366,364
3205,6368,548
3206,6369,48
3207,6370,279
3208,6371,68
3209,6372,262
3210,6376,100
3211,6377,130
3212,6379,10
3213,6380,56
3214,6381,29
3215,6383,485
3216,6384,290
3217,6388,636
3218,6389,125
3219,6390,463
3220,6392,284
3221,6393,207
3222,6394,279
3223,6395,296
3224,6396,331
3225,6397,60
3226,6399,277
3227,6400,373
3228,6401,140
3229,6402,434
3230,6403,161
3231,6404,312
3232,6405,246
3233,6406,43
3234,6407,484
3235,6408,235
3236,6410,160
3237,6411,57
3238,6412,252
3239,6414,22
3240,6416,113
3241,6420,381
3242,6424,74
3243,6427,374
3244,6428,144
3245,6429,718
3246,6430,235
3247,6432,101
3248,6434,109
3249,6435,31
3250,6437,176
3251,6438,108
3252,6439,40
3253,6440,206
3254,6441,171
3255,6444,332
3256,6445,71
3257,6447,417
3258,6448,217
3259,6450,407
3260,6451,121
3261,6454,705
3262,6458,49
3263,6461,726
3264,6465,149
3265,6471,35
3266,6473,168
3267,6479,3
3268,6480,243
3269,6481,45
3270,6482,73
3271,6483,390
3272,6484,100
3273,6485,124
3274,6486,613
3275,6487,74
3276,6488,382
3277,6489,297
3278,6490,18
3279,6493,410
3280,6495,269
3281,6497,203
3282,6498,5
3283,6502,94
3284,6504,236
3285,6506,173
3286,6507,220
3287,6510,139
3288,6511,541
3289,6512,234
3290,6515,129
3291,6517,415
3292,6518,531
3293,6519,142
3294,6521,144
3295,6522,126
3296,6523,29
3297,6527,58
3298,6528,358
3299,6529,149
3300,6530,457
3301,6531,79
3302,6536,245
3303,6538,189
3304,6539,252
3305,6541,220
3306,6543,73
3307,6544,21
3308,6545,335
3309,6547,44
3310,6548,469
3311,6549,119
3312,6551,144
3313,6555,49
3314,6557,776
3315,6558,94
3316,6560,530
3317,6561,152
3318,6564,187
3319,6565,289
3320,6566,133
3321,6567,241
3322,6569,70
3323,6570,63
3324,6571,199
3325,6572,108
3326,6577,596
3327,6580,603
3328,6581,264
3329,6582,761
3330,6583,185
3331,6584,309
3332,6587,599
3333,6590,165
3334,6592,206
3335,6595,149
3336,6598,47
3337,6600,189
3338,6602,337
3339,6603,271
3340,6605,153
3341,6606,70
3342,6607,299
3343,6609,270
3344,6610,218
3345,6611,395
3346,6612,355
3347,6613,34
3348,6615,0
3349,6616,62
3350,6617,225
3351,6618,197
3352,6620,301
3353,6621,107
3354,6622,423
3355,6624,205
3356,6626,91
3357,6627,126
3358,6631,694
3359,6633,74
3360,6636,63
3361,6639,245
3362,6640,158
3363,6642,401
3364,6643,400
3365,6644,345
3366,6645,209
3367,6650,311
3368,6653,308
3369,6654,48
3370,6655,376
3371,6659,145
3372,6662,111
3373,6665,124
3374,6667,287
3375,6668,131
3376,6670,133
3377,6671,573
3378,6672,194
3379,6675,133
3380,6681,128
3381,6682,294
3382,6683,118
3383,6684,67
3384,6686,251
3385,6687,82
3386,6689,186
3387,6691,2
3388,6692,215
3389,6696,84
3390,6697,138
3391,6698,272
3392,6701,298
3393,6702,153
3394,6703,397
3395,6706,248
3396,6707,8
3397,6708,537
3398,6709,29
3399,6711,123
3400,6712,123
3401,6717,142
3402,6719,333
3403,6722,450
3404,6723,30
3405,6724,64
3406,6731,143
3407,6732,215
3408,6733,195
3409,6734,293
3410,6735,259
3411,6736,245
3412,6737,556
3413,6738,663
3414,6742,239
3415,6747,671
3416,6749,399
3417,6751,449
3418,6752,267
3419,6753,34
3420,6754,128
3421,6755,151
3422,6758,17
3423,6760,106
3424,6761,119
3425,6763,52
3426,6765,47
3427,6766,75
3428,6767,235
3429,6769,478
3430,6771,79
3431,6774,114
3432,6775,200
3433,6776,55
3434,6777,51
3435,6779,333
3436,6788,266
3437,6789,133
3438,6791,464
3439,6792,162
3440,6794,112
3441,6795,269
3442,6797,289
3443,6799,282
3444,6801,592
3445,6804,387
3446,6805,373
3447,6808,328
3448,6809,202
3449,6811,291
3450,6812,399
3451,6813,246
3452,6815,10
3453,6817,86
3454,6819,167
3455,6820,37
3456,6825,43
3457,6830,241
3458,6831,275
3459,6832,94
3460,6835,549
3461,6840,90
3462,6843,146
3463,6846,117
3464,6847,301
3465,6848,405
3466,6851,119
3467,6852,339
3468,6856,18
3469,6857,88
3470,6859,180
3471,6861,44
3472,6864,278
3473,6866,388
3474,6869,244
3475,6871,57
3476,6874,139
3477,6876,244
3478,6877,105
3479,6878,604
3480,6884,120
3481,6885,41
3482,6886,28
3483,6887,511
3484,6889,195
3485,6890,50
3486,6891,278
3487,6893,126
3488,6894,86
3489,6895,123
3490,6902,36
3491,6905,286
3492,6907,532
3493,6909,603
3494,6913,152
3495,6914,417
3496,6915,47
3497,6917,365
3498,6921,190
3499,6923,130
3500,6924,333
3501,6927,297
3502,6928,112
3503,6929,177
3504,6930,136
3505,6931,573
3506,6934,753
3507,6935,27
3508,6936,335
3509,6937,58
3510,6941,324
3511,6942,229
3512,6946,250
3513,6949,419
3514,6950,86
3515,6951,455
3516,6952,79
3517,6957,39
3518,6959,157
3519,6960,31
3520,6961,528
3521,6962,632
3522,6965,185
3523,6967,233
3524,6968,232
3525,6969,165
3526,6970,327
3527,6971,449
3528,6972,93
3529,6974,524
3530,6975,308
3531,6980,109
3532,6983,235
3533,6985,108
3534,6989,109
3535,6990,192
3536,6991,486
3537,6992,65
3538,6993,327
3539,6995,593
3540,6996,62
3541,6997,130
3542,6998,271
3543,6999,137
3544,7000,7
3545,7003,360
3546,7004,357
3547,7005,7
3548,7008,475
3549,7010,130
3550,7012,61
3551,7014,38
3552,7016,2
3553,7019,248
3554,7020,261
3555,7021,69
3556,7022,264
3557,7023,284
3558,7026,355
3559,7027,556
3560,7028,592
3561,7029,279
3562,7032,57
3563,7035,95
3564,7039,83
3565,7042,473
3566,7046,194
3567,7047,590
3568,7052,254
3569,7056,252
3570,7057,152
3571,7058,219
3572,7060,767
3573,7063,112
3574,7065,117
3575,7066,7
3576,7067,197
3577,7071,24
3578,7072,393
3579,7074,54
3580,7075,179
3581,7077,385
3582,7078,156
3583,7082,345
3584,7083,10
3585,7084,180
3586,7086,276
3587,7087,492
3588,7088,127
3589,7089,54
3590,7090,320
3591,7093,324
3592,7094,515
3593,7096,279
3594,7098,79
3595,7103,363
3596,7105,142
3597,7108,171
3598,7111,398
3599,7114,229
3600,7121,126
3601,7123,84
3602,7124,365
3603,7127,290
3604,7131,692
3605,7132,101
3606,7134,556
3607,7135,272
3608,7139,178
3609,7140,20
3610,7142,198
3611,7143,703
3612,7146,205
3613,7147,93
3614,7153,256
3615,7156,587
3616,7159,284
3617,7160,195
3618,7161,256
3619,7162,169
3620,7163,88
3621,7164,58
3622,7165,664
3623,7166,520
3624,7168,484
3625,7169,249
3626,7172,29
3627,7174,33
3628,7176,294
3629,7177,178
3630,7178,134
3631,7181,144
3632,7182,235
3633,7185,411
3634,7186,453
3635,7187,457
3636,7189,392
3637,7190,833
3638,7191,286
3639,7193,141
3640,7195,445
3641,7196,45
3642,7197,13
3643,7199,495
3644,7200,498
3645,7204,340
3646,7205,156
3647,7208,280
3648,7209,5
3649,7213,198
3650,7215,111
3651,7217,45
3652,7218,452
3653,7219,122
3654,7220,436
3655,7224,92
3656,7225,31
3657,7227,532
3658,7228,122
3659,7229,47
3660,7232,197
3661,7234,286
3662,7235,55
3663,7236,214
3664,7240,295
3665,7244,118
3666,7246,205
3667,7249,296
3668,7255,72
3669,7256,274
3670,7258,146
3671,7259,69
3672,7260,113
3673,7264,469
3674,7269,225
3675,7270,101
3676,7271,192
3677,7272,88
3678,7275,102
3679,7278,233
3680,7281,113
3681,7282,430
3682,7283,597
3683,7284,317
3684,7286,667
3685,7287,165
3686,7288,81
3687,7292,176
3688,7297,97
3689,7298,235
3690,7299,113
3691,7300,148
3692,7301,187
3693,7302,18
3694,7303,93
3695,7304,181
3696,7305,104
3697,7307,157
3698,7309,75
3699,7313,61
3700,7314,355
3701,7315,572
3702,7316,661
3703,7317,137
3704,7318,589
3705,7320,176
3706,7321,100
3707,7323,322
3708,7325,52
3709,7326,547
3710,7328,20
